Życie,
Kot,
Pies,
Kredka,
Masło,
Telefon,
Jabłko,
Pytanie,
Nuda,
Szkoła,
Kartkówka,
Słowo,
Sto,
Tramwaj,
Gra,
YouTube,
Kasa,
Miłość,
Facebook,
Spam,
Koszyk,
Paznokcie,
Bluzka,
Spodnie,
Kropka,
Koń,
Gruszka,
Chipsy,
RedBull,
Herbata,
Dziewczyna,
Polska,
Ziemia,
Oceny,
Szczoteczka,
Wanna,
Gąbka,
Serce,
Łyżka,
Frytki,
Cenzura,
Butelka,
Woda,
Spodnie,
Nogi,
Basen,
Pasta do Zębów,
Kleszcz,
Smutek,
Radość,
Rozum,
Emocje,
Młodzież,
Zeszyt,
Samochód,
Chomik,
Piasek,
Kamień,
Oczy,
Uszy,
Ręcznik,
Ręce,
Internet,
Śliwka,
Książka,
Ołówek,
Taniec,
Igła,
Ogień,
Ludzie,
Świat,
Włosy,
Mydło,
Klawiatura,
Komputer,
Ekran,
Monitor,
Ogon,
Łza,
Metka,
Sklep,
Praca,
Małpa,
Zoo,
Wojna,
Historia,
Pytanie,
Gra,
Ubrania,
Szafka,
Worek,
Kabel,
Ładowarka,
Zegar,
Czas,
Uśmiech,
Urodziny,
Kwiaty,
Przyroda,
Kartka,
Zajączek,
Wielkanoc,
Piątek,
Niedziela,
Plecak,
Globus,
Magia,
Przyjaźń,
Emocje